"","Raya","","ARS","GKP","6.1","6.3","","1.00"
"","Arrizabalaga","","ARS","GKP","4.9","0","","1.00"
"","Meslier","","ARS","GKP","4.9","0","","1.00"
"","Gabriel","","ARS","DEF","8.0","3.7","","1.00"
"","J.Timber","","ARS","DEF","6.5","0.3","","1.00"
"","Saliba","","ARS","DEF","5.9","0","","0.00"
"","Lewis-Skelly","","ARS","MID","5.4","0.7","","1.00"
"","Calafiori","","ARS","DEF","5.9","2.7","","1.00"
"","Hincapie","","ARS","DEF","5.2","0","","1.00"
"","White","","ARS","DEF","5.4","0.7","","1.00"
"","Mosquera","","ARS","DEF","5.3","0","","1.00"
"","Saka","","ARS","MID","9.6","3.7","","1.00"
"","Rice","","ARS","MID","7.4","2.7","","1.00"
"","Eze","","ARS","MID","6.2","0.7","","1.00"
"","Ødegaard","","ARS","MID","6.8","2","","1.00"
"","Madueke","","ARS","MID","6.2","0.7","","1.00"
"","Merino","","ARS","MID","5.7","0.7","","1.00"
"","Martinelli","","ARS","MID","6.3","0","","0.00"
"","Zubimendi","","ARS","MID","5.3","0.7","","1.00"
"","Dowman","","ARS","MID","5.3","0.3","","1.00"
"","Nwaneri","","ARS","MID","5.4","0","","0.00"
"","Fábio Vieira","","ARS","MID","5.5","0","","0.00"
"","Nelson","","ARS","MID","5.5","0","","0.00"
"","Gyökeres","","ARS","FWD","7.1","0.3","","1.00"
"","Havertz","","ARS","FWD","7.6","1.3","","1.00"
"","G.Jesus","","ARS","FWD","5.9","0","","0.00"
"","Konsa","","ARS","DEF","4.6","2.7","","1.00"
"","Bruno G.","","ARS","MID","6.7","2.7","","1.00"
"","Tzolis","","ARS","MID","6.3","0","","0.00"
"","M.Bizot","","AVL","GKP","4.5","0","","0.75"
"","Digne","","AVL","DEF","4.5","0","","0.00"
"","Cash","","AVL","DEF","4.4","-0.3","","1.00"
"","Mings","","AVL","DEF","4.5","1","","1.00"
"","Pau","","AVL","DEF","4.4","0.2","","0.75"
"","Bogarde","","AVL","MID","4.9","0","","1.00"
"","Maatsen","","AVL","DEF","4.4","0","","0.00"
"","Lindelöf","","AVL","DEF","4.5","0.7","","1.00"
"","A.García","","AVL","DEF","4.0","0","","1.00"
"","Nedeljkovic","","AVL","DEF","4.0","0","","0.00"
"","Buendía","","AVL","MID","5.9","4.7","","1.00"
"","Bailey","","AVL","MID","5.4","0","","0.00"
"","McGinn","","AVL","MID","5.4","4","","1.00"
"","Barkley","","AVL","MID","5.0","1","","1.00"
"","Kamara","","AVL","MID","5.0","2.7","","1.00"
"","Onana","","AVL","MID","4.9","0","","0.00"
"","Iling Jr","","AVL","MID","5.0","0","","0.00"
"","Burrowes","","AVL","MID","4.5","0","","1.00"
"","George Hemmings","","AVL","MID","4.5","0.7","","1.00"
"","Alysson","","AVL","MID","5.0","1.5","","0.75"
"","Manzambi","","AVL","MID","5.9","4.7","","1.00"
"","Gomes","","AVL","MID","5.5","1.3","","1.00"
"","Watkins","","AVL","FWD","7.8","0","","0.00"
"","Abraham","","AVL","FWD","5.5","0.7","","1.00"
"","Garnacho","","AVL","MID","5.8","0","","1.00"
"","N.Jackson","","AVL","FWD","6.5","2","","1.00"
"","Madjo","","AVL","FWD","5.4","0","","0.75"
"","Ruggeri","","AVL","DEF","4.5","1","","1.00"
"","Suzuki","","AVL","GKP","5.0","1.3","","1.00"
"","Rowe","","AVL","DEF","4.0","0","","1.00"
"","Lynch","","AVL","MID","4.5","0","","0.00"
"","Wan-Bissaka","","AVL","DEF","4.5","1.3","","1.00"
"","Goretzka","","AVL","MID","5.9","0","","0.00"
"","Harwood-Bellis","","AVL","DEF","4.5","0","","1.00"
"","Mbaye","","AVL","MID","6.0","0.7","","1.00"
"","Wright","","AVL","GKP","4.0","0","","1.00"
"","Petrović","","BOU","GKP","4.5","1","","1.00"
"","Forster","","BOU","GKP","4.0","0","","1.00"
"","Dennis","","BOU","GKP","4.0","0","","0.00"
"","Hill","","BOU","DEF","5.5","2","","1.00"
"","Truffert","","BOU","DEF","5.4","1.7","","1.00"
"","Diakité","","BOU","DEF","4.9","0","","1.00"
"","Milosavljević","","BOU","DEF","4.9","0","","0.00"
"","Smith","","BOU","DEF","4.5","0.7","","1.00"
"","J.Araujo","","BOU","DEF","4.4","0","","0.00"
"","Soler","","BOU","DEF","4.0","0","","1.00"
"","Rayan","","BOU","MID","6.3","1.3","","1.00"
"","Tavernier","","BOU","MID","6.1","3.3","","1.00"
"","Scott","","BOU","MID","6.1","0","","0.00"
"","Kluivert","","BOU","MID","5.9","0","","0.00"
"","Cook","","BOU","MID","5.0","0.3","","1.00"
"","Gannon-Doak","","BOU","MID","4.9","0.7","","1.00"
"","Adams","","BOU","MID","5.0","2","","1.00"
"","Brooks","","BOU","MID","5.0","0.3","","1.00"
"","Christie","","BOU","MID","5.0","1","","1.00"
"","Tóth.A","","BOU","MID","4.9","0.3","","1.00"
"","Adli","","BOU","MID","4.9","0","","0.00"
"","Kroupi.Jr","","BOU","MID","7.4","0","","0.00"
"","Evanilson","","BOU","FWD","6.0","2.3","","1.00"
"","Enes Ünal","","BOU","FWD","5.5","0","","0.00"
"","Rodríguez","","BOU","FWD","6.0","0.3","","1.00"
"","Silva","","BOU","DEF","5.0","2","","1.00"
"","Sanchez","","BOU","DEF","4.4","0","","1.00"
"","Jebbison","","BOU","FWD","5.0","0.3","","1.00"
"","Di Gregorio","","BOU","GKP","4.5","0","","1.00"
"","Kelleher","","BRE","GKP","5.0","3","","1.00"
"","Valdimarsson","","BRE","GKP","4.5","0","","1.00"
"","Collins","","BRE","DEF","5.4","0","","0.00"
"","Van den Berg","","BRE","DEF","4.9","0","","0.00"
"","Lewis-Potter","","BRE","MID","5.5","1.3","","1.00"
"","Ajer","","BRE","DEF","4.5","2.7","","1.00"
"","Kayode","","BRE","DEF","4.6","2.3","","1.00"
"","Henry","","BRE","DEF","4.4","0","","1.00"
"","Hickey","","BRE","DEF","4.5","0.7","","1.00"
"","Ji-soo","","BRE","DEF","4.4","0","","1.00"
"","Schuster","","BRE","DEF","4.5","5.7","","1.00"
"","Schade","","BRE","MID","6.2","8","","1.00"
"","O.Dango","","BRE","MID","6.3","0.7","","1.00"
"","Damsgaard","","BRE","MID","5.4","1","","0.75"
"","Jensen","","BRE","MID","5.4","0","","0.00"
"","Janelt","","BRE","MID","5.0","2.3","","1.00"
"","Milambo","","BRE","MID","5.0","0","","0.00"
"","Carvalho","","BRE","MID","5.0","2","","1.00"
"","Yarmoliuk","","BRE","MID","4.8","2.3","","1.00"
"","Dasilva","","BRE","MID","4.9","0","","0.00"
"","Anthony","","BRE","MID","5.9","3.7","","1.00"
"","Thiago","","BRE","FWD","7.8","2","","1.00"
"","Furo","","BRE","FWD","4.5","0","","0.00"
"","Wilson","","BRE","FWD","5.4","0","","1.00"
"","M.Sangaré","","BRE","MID","5.6","1.3","","1.00"
"","Diouf","","BRE","DEF","4.5","0.7","","1.00"
"","Nunes","","BRE","MID","4.5","0","","1.00"
"","Fredrick","","BRE","DEF","4.0","0","","1.00"
"","Balcombe","","BRE","GKP","4.0","0","","1.00"
"","Verbruggen","","BHA","GKP","4.5","4.7","","1.00"
"","Steele","","BHA","GKP","4.0","0","","1.00"
"","F.Kadıoğlu","","BHA","DEF","4.4","3.7","","1.00"
"","Boscagli","","BHA","DEF","4.5","4","","1.00"
"","De Cuyper","","BHA","DEF","5.0","5.7","","1.00"
"","Dunk","","BHA","DEF","4.5","4","","1.00"
"","Coppola","","BHA","DEF","4.5","0","","1.00"
"","Igor","","BHA","DEF","4.5","0","","0.00"
"","Costinha","","BHA","DEF","4.5","0.7","","1.00"
"","Svoboda","","BHA","DEF","5.0","0.3","","1.00"
"","Mitoma","","BHA","MID","5.9","0","","0.00"
"","Minteh","","BHA","MID","5.8","0","","0.00"
"","Hinshelwood","","BHA","MID","5.9","0","","0.50"
"","Groß","","BHA","MID","5.9","10.3","","1.00"
"","Georginio","","BHA","FWD","5.3","0.3","","1.00"
"","O'Riley","","BHA","MID","5.4","0.7","","1.00"
"","Gomez","","BHA","MID","5.0","3.7","","1.00"
"","Buonanotte","","BHA","MID","5.0","0","","0.00"
"","Ayari","","BHA","MID","5.4","3.7","","1.00"
"","Wieffer","","BHA","DEF","4.9","0","","0.00"
"","Howell","","BHA","MID","4.5","0","","0.00"
"","Watson","","BHA","MID","5.0","0","","0.00"
"","Oriola","","BHA","MID","4.4","0","","1.00"
"","Yohanna","","BHA","MID","4.8","0","","0.00"
"","Tzimas","","BHA","FWD","5.4","0","","0.00"
"","Kostoulas","","BHA","FWD","5.6","6.7","","1.00"
"","Ferguson","","BHA","FWD","5.0","0","","0.00"
"","Struijk","","BHA","DEF","4.9","1.5","","0.75"
"","Vuskovic","","BHA","DEF","5.0","4.7","","1.00"
"","David","","BHA","FWD","5.9","0","","1.00"
"","Osman","","BHA","MID","5.0","0.3","","1.00"
"","Yalcouyé","","BHA","MID","4.5","3","","1.00"
"","Hadjam","","BHA","DEF","4.5","0","","1.00"
"","Cozier-Duberry","","BHA","MID","5.0","0","","0.00"
"","Andrés","","BHA","MID","5.5","4","","1.00"
"","Azeez","","BHA","MID","5.5","0","","0.00"
"","Ibrahim","","BHA","MID","4.5","0","","1.00"
"","Martinez","","CHE","GKP","5.0","1.3","","1.00"
"","Rogers","","CHE","MID","7.8","3.3","","1.00"
"","Henderson","","CHE","MID","4.9","0.7","","1.00"
"","Welbeck","","CHE","FWD","5.9","1","","1.00"
"","Sánchez","","CHE","GKP","4.9","0","","0.00"
"","Jörgensen","","CHE","GKP","5.0","0","","0.00"
"","James","","CHE","DEF","5.3","0.3","","1.00"
"","Chalobah","","CHE","DEF","5.5","0","","0.00"
"","Gusto","","CHE","DEF","4.9","0.3","","1.00"
"","Fofana","","CHE","DEF","5.0","1.7","","1.00"
"","B.Badiashile","","CHE","DEF","4.5","0","","0.00"
"","Hato","","CHE","DEF","4.5","0","","1.00"
"","Colwill","","CHE","DEF","4.8","0.7","","1.00"
"","M.Sarr","","CHE","DEF","4.5","0","","0.00"
"","Acheampong","","CHE","DEF","4.5","0","","1.00"
"","Palestra","","CHE","DEF","5.3","0","","1.00"
"","Palmer","","CHE","MID","9.7","2.3","","1.00"
"","Neto","","CHE","MID","6.5","1.3","","1.00"
"","Estêvão","","CHE","MID","6.3","0.7","","1.00"
"","Gittens","","CHE","MID","5.8","0","","0.00"
"","Caicedo","","CHE","MID","5.3","0","","1.00"
"","Lavia","","CHE","MID","5.0","0.7","","1.00"
"","D.Essugo","","CHE","MID","4.5","0","","0.00"
"","Quenda","","CHE","MID","5.3","0.3","","1.00"
"","João Pedro","","CHE","FWD","7.7","4","","1.00"
"","Marc Guiu","","CHE","FWD","5.0","0","","0.00"
"","Mheuka","","CHE","FWD","4.5","0","","1.00"
"","Emegha","","CHE","FWD","4.9","0","","0.00"
"","Lacroix","","CHE","DEF","5.9","1.3","","1.00"
"","Penders","","CHE","GKP","4.4","0","","1.00"
"","Anselmino","","CHE","DEF","4.5","0","","1.00"
"","Barco","","CHE","MID","5.4","0.7","","1.00"
"","Chavarria","","CHE","DEF","4.9","0.7","","1.00"
"","Nicoll-Jazuli","","CHE","MID","4.5","0.5","","1.00"
"","Pinnock","","COV","DEF","4.5","3.3","","1.00"
"","Onyeka","","COV","MID","4.9","1.7","","1.00"
"","Rushworth","","COV","GKP","4.5","3.7","","1.00"
"","Dovin","","COV","GKP","4.0","0","","0.00"
"","Wilson","","COV","GKP","4.4","0","","1.00"
"","Thomas","","COV","DEF","4.0","3","","1.00"
"","Kitching","","COV","DEF","4.0","0","","0.00"
"","van Ewijk","","COV","DEF","4.0","0","","0.75"
"","Dasilva","","COV","DEF","4.0","5","","1.00"
"","Kesler-Hayden","","COV","DEF","3.9","0","","0.50"
"","Bidwell","","COV","DEF","4.0","0","","1.00"
"","Latibeaudiere","","COV","DEF","4.0","0.3","","1.00"
"","Woolfenden","","COV","DEF","3.9","0","","0.00"
"","Brau","","COV","DEF","4.0","0","","0.00"
"","Amenda","","COV","DEF","4.0","0","","0.00"
"","Rudoni","","COV","MID","4.9","2.3","","1.00"
"","Grimes","","COV","MID","4.9","1.7","","1.00"
"","Sakamoto","","COV","MID","4.8","0","","1.00"
"","Mason-Clark","","COV","MID","5.3","0.7","","1.00"
"","Eccles","","COV","MID","4.8","0","","0.00"
"","Torp","","COV","MID","5.3","0.3","","1.00"
"","Shepherd","","COV","MID","4.4","0","","1.00"
"","Tchaouna","","COV","MID","5.3","0.3","","1.00"
"","Borges Rodrigues","","COV","MID","4.5","0","","0.00"
"","Andrews","","COV","MID","4.5","0","","0.00"
"","Wright","","COV","FWD","5.3","0","","0.00"
"","Thomas-Asante","","COV","FWD","5.0","1.7","","1.00"
"","Simms","","COV","FWD","4.9","0.3","","1.00"
"","Markelo","","COV","FWD","5.0","0","","0.00"
"","Bassette","","COV","FWD","4.5","0","","0.00"
"","Awoniyi","","COV","FWD","5.4","0","","0.00"
"","Yirenkyi","","COV","MID","4.8","1.3","","1.00"
"","Hamer","","COV","MID","5.3","0","","1.00"
"","Cherif","","COV","FWD","5.0","0.3","","1.00"
"","Bentley","","COV","GKP","4.0","0","","1.00"
"","Gboho","","COV","MID","5.5","0","","1.00"
"","Mfuni","","COV","DEF","4.0","2","","1.00"
"","Guessand","","CRY","MID","5.4","0","","1.00"
"","Disasi","","CRY","DEF","4.5","0","","0.00"
"","Henderson","","CRY","GKP","4.9","0","","0.00"
"","Benitez","","CRY","GKP","4.5","2.7","","1.00"
"","Richards","","CRY","DEF","4.9","3.3","","1.00"
"","Canvot","","CRY","DEF","4.8","2.7","","1.00"
"","Mitchell","","CRY","DEF","4.5","2.7","","1.00"
"","Sosa","","CRY","DEF","4.5","0","","0.00"
"","Chadi Riad","","CRY","DEF","4.3","0","","0.00"
"","Mingueza","","CRY","DEF","4.3","0","","1.00"
"","Sarr","","CRY","MID","6.2","0.3","","1.00"
"","Wharton","","CRY","MID","5.4","1.3","","1.00"
"","Yeremy","","CRY","MID","5.5","1","","1.00"
"","Hughes","","CRY","MID","4.4","0.3","","1.00"
"","Lerma","","CRY","MID","4.8","0.3","","1.00"
"","Kamada","","CRY","MID","5.0","3.7","","1.00"
"","Devenny","","CRY","MID","5.0","0","","0.00"
"","Esse","","CRY","MID","5.0","0","","0.00"
"","M.França","","CRY","MID","4.9","0","","0.00"
"","Doucouré","","CRY","MID","4.8","0","","1.00"
"","J.Rak-Sakyi","","CRY","MID","4.9","0","","0.00"
"","Cardines","","CRY","DEF","4.5","0","","0.00"
"","Drakes-Thomas","","CRY","MID","4.4","0","","1.00"
"","Strand Larsen","","CRY","FWD","6.0","3.3","","1.00"
"","Mateta","","CRY","FWD","6.3","0","","0.00"
"","Nketiah","","CRY","FWD","5.5","0.3","","1.00"
"","Uche","","CRY","FWD","5.0","0","","0.00"
"","McNeil","","CRY","MID","5.3","0","","1.00"
"","Matthews","","CRY","GKP","4.0","0","","1.00"
"","Tomiyasu","","CRY","DEF","4.4","0","","0.00"
"","Khalaili","","CRY","DEF","5.0","4.3","","1.00"
"","Gozo","","CRY","MID","4.9","0.3","","1.00"
"","Ahanor","","CRY","DEF","4.5","1","","1.00"
"","Chilwell","","CRY","DEF","4.5","0.3","","1.00"
"","Timber","","CRY","MID","5.0","2.3","","1.00"
"","Osorio","","CRY","MID","5.5","0","","1.00"
"","Nørgaard","","EVE","MID","4.8","0","","0.50"
"","Johnson","","EVE","MID","5.9","2","","1.00"
"","Pickford","","EVE","GKP","5.5","4.7","","1.00"
"","Travers","","EVE","GKP","5.0","0","","1.00"
"","King","","EVE","GKP","4.5","0","","1.00"
"","Tarkowski","","EVE","DEF","6.2","7.3","","1.00"
"","Branthwaite","","EVE","DEF","5.5","4.7","","1.00"
"","Keane","","EVE","DEF","4.8","0","","1.00"
"","O'Brien","","EVE","DEF","4.8","0.7","","1.00"
"","Mykolenko","","EVE","DEF","4.6","4","","0.75"
"","Patterson","","EVE","DEF","4.5","0","","0.00"
"","Aznou","","EVE","DEF","4.0","0","","0.00"
"","Dewsbury-Hall","","EVE","MID","6.6","1.7","","1.00"
"","Grealish","","EVE","MID","6.5","1.3","","1.00"
"","Garner","","EVE","MID","6.0","2.3","","1.00"
"","George","","EVE","MID","5.5","1.3","","1.00"
"","Alcaraz","","EVE","MID","4.9","0","","1.00"
"","Armstrong","","EVE","MID","5.0","1.7","","1.00"
"","Dibling","","EVE","MID","5.3","0.3","","1.00"
"","Röhl","","EVE","MID","4.9","0","","0.50"
"","Hackney","","EVE","MID","5.4","0.7","","1.00"
"","Beto","","EVE","FWD","5.4","0","","0.00"
"","Barry","","EVE","FWD","5.7","2.7","","1.00"
"","Maitland-Niles","","EVE","DEF","4.5","4.7","","1.00"
"","Graham","","EVE","MID","4.5","0","","1.00"
"","Leno","","FUL","GKP","4.5","4","","1.00"
"","Lecomte","","FUL","GKP","4.0","0","","1.00"
"","McNally","","FUL","GKP","4.0","0","","0.00"
"","Andersen","","FUL","DEF","5.0","0.3","","1.00"
"","Robinson","","FUL","DEF","4.5","2","","0.75"
"","J.Cuenca","","FUL","DEF","4.5","0","","1.00"
"","Tete","","FUL","DEF","4.4","0","","1.00"
"","Bassey","","FUL","DEF","4.5","4","","1.00"
"","Castagne","","FUL","DEF","4.5","2.3","","1.00"
"","Iwobi","","FUL","MID","5.4","2.7","","1.00"
"","Smith Rowe","","FUL","MID","5.3","0.3","","1.00"
"","Kevin","","FUL","MID","5.3","0.7","","1.00"
"","Bobb","","FUL","MID","5.5","2","","1.00"
"","Berge","","FUL","MID","4.9","2","","1.00"
"","Cairney","","FUL","MID","4.9","0","","0.00"
"","King","","FUL","MID","5.6","1.7","","1.00"
"","Sessegnon","","FUL","DEF","4.3","0","","1.00"
"","Reed","","FUL","MID","4.4","0","","1.00"
"","Muniz","","FUL","FWD","5.4","0.3","","1.00"
"","Kusi-Asare","","FUL","FWD","4.5","0","","1.00"
"","Gonzalo","","FUL","FWD","6.1","1.3","","1.00"
"","Palacios","","FUL","MID","5.4","0.3","","1.00"
"","Charles","","FUL","MID","5.0","3","","1.00"
"","De Fougerolles","","FUL","DEF","4.0","0","","0.00"
"","Zepa","","FUL","MID","4.4","0","","1.00"
"","Larsson","","FUL","MID","5.0","0.7","","1.00"
"","Ángel","","FUL","MID","5.0","0","","1.00"
"","Affengruber","","FUL","DEF","4.5","4","","1.00"
"","Iroegbunam","","HUL","MID","5.0","0.3","","1.00"
"","Phillips","","HUL","GKP","4.0","0","","1.00"
"","Butland","","HUL","GKP","4.4","0","","0.00"
"","Cartwright","","HUL","GKP","4.0","0","","0.00"
"","Lo-Tutala","","HUL","GKP","4.0","0","","0.00"
"","Egan","","HUL","DEF","4.1","1","","1.00"
"","Hughes","","HUL","DEF","3.9","0","","0.00"
"","Ajayi","","HUL","DEF","4.2","0.7","","1.00"
"","Coyle","","HUL","DEF","4.0","0.7","","1.00"
"","Drameh","","HUL","DEF","4.0","0","","0.00"
"","Giles","","HUL","DEF","4.0","1.3","","1.00"
"","Jacob","","HUL","DEF","4.0","0","","0.00"
"","McCarthy","","HUL","DEF","4.0","0","","1.00"
"","McNair","","HUL","DEF","4.0","0","","1.00"
"","Belloumi","","HUL","MID","5.1","5.7","","1.00"
"","Millar","","HUL","MID","5.0","0","","0.00"
"","Dowell","","HUL","MID","4.4","0","","1.00"
"","Crooks","","HUL","MID","4.4","0.3","","1.00"
"","Slater","","HUL","MID","4.5","1.3","","1.00"
"","Matazo","","HUL","MID","4.5","0","","0.00"
"","Ömür","","HUL","MID","4.9","0","","1.00"
"","Kamara","","HUL","MID","5.0","0","","0.00"
"","Zambrano","","HUL","MID","4.5","0","","1.00"
"","McBurnie","","HUL","FWD","5.5","1.7","","1.00"
"","Akintola","","HUL","MID","5.0","0","","0.00"
"","Gyabi","","HUL","MID","4.4","0","","0.00"
"","Destan","","HUL","FWD","4.5","0","","0.00"
"","Burstow","","HUL","FWD","4.5","0","","0.00"
"","Gelhardt","","HUL","MID","5.0","0.3","","1.00"
"","Targett","","HUL","DEF","4.0","0","","0.00"
"","Morita","","HUL","MID","4.9","0","","1.00"
"","Tzolakis","","HUL","GKP","4.7","2.7","","1.00"
"","Hjertø-Dahl","","HUL","MID","4.9","0","","1.00"
"","Stroud","","HUL","MID","5.0","0.3","","1.00"
"","Herrington","","HUL","DEF","4.0","0.7","","1.00"
"","Mendy","","HUL","DEF","4.1","0.3","","1.00"
"","Gourna-Douath","","HUL","MID","5.0","0.3","","1.00"
"","Cho","","HUL","MID","5.0","2.3","","1.00"
"","Ansah","","HUL","FWD","5.0","0","","0.00"
"","Vaz","","HUL","FWD","5.0","0.7","","1.00"
"","Norton-Cuffy","","HUL","DEF","4.0","0","","1.00"
"","Thomas","","HUL","MID","5.5","1","","1.00"
"","Mouzakitis","","HUL","MID","5.0","0","","1.00"
"","Diop","","IPS","DEF","4.0","1.7","","1.00"
"","Lukić","","IPS","MID","4.9","1","","1.00"
"","Walton","","IPS","GKP","4.4","0.7","","1.00"
"","Palmer","","IPS","GKP","4.0","0","","1.00"
"","Button","","IPS","GKP","4.0","0","","1.00"
"","Kipré","","IPS","DEF","3.9","0","","1.00"
"","O'Shea","","IPS","DEF","4.0","1","","1.00"
"","Davis","","IPS","DEF","4.0","5.3","","1.00"
"","Greaves","","IPS","DEF","3.9","0.3","","1.00"
"","Johnson","","IPS","DEF","4.0","0","","0.00"
"","Furlong","","IPS","DEF","3.9","0","","1.00"
"","Núñez","","IPS","MID","4.9","0","","1.00"
"","Matusiwa","","IPS","MID","4.9","0","","1.00"
"","Burns","","IPS","MID","5.0","0","","0.00"
"","Taylor","","IPS","MID","4.4","0","","1.00"
"","Clarke","","IPS","MID","5.3","1","","1.00"
"","Ogbene","","IPS","MID","4.9","0","","0.00"
"","Fatawu","","IPS","MID","5.4","0","","0.00"
"","Emersonn","","IPS","FWD","5.6","4.7","","1.00"
"","Hirst","","IPS","FWD","5.0","0","","0.00"
"","Philogene","","IPS","MID","5.4","0.7","","1.00"
"","Szmodics","","IPS","MID","5.0","0","","0.00"
"","Akpom","","IPS","FWD","5.0","0.3","","1.00"
"","Walle Egeli","","IPS","FWD","4.5","0","","1.00"
"","Al-Hamadi","","IPS","FWD","5.0","0","","0.00"
"","McAteer","","IPS","MID","4.4","0","","1.00"
"","Mehmeti","","IPS","MID","4.8","0","","1.00"
"","Van Oevelen","","IPS","GKP","4.5","0","","0.00"
"","Maeda","","IPS","MID","5.3","0.7","","1.00"
"","Scherpen","","IPS","GKP","4.5","0.3","","1.00"
"","Florentino","","IPS","MID","4.8","0.7","","1.00"
"","Enciso","","IPS","MID","5.5","1.3","","1.00"
"","Ouattara","","IPS","DEF","4.0","1","","1.00"
"","Humphreys","","IPS","MID","4.5","0","","0.00"
"","Palacios","","IPS","MID","5.0","2","","1.00"
"","Flemming","","IPS","FWD","5.5","1.7","","1.00"
"","Wilson","","LEE","MID","6.2","0.3","","1.00"
"","Perri","","LEE","GKP","4.5","0","","0.00"
"","Bijol","","LEE","DEF","5.0","0","","1.00"
"","Rodon","","LEE","DEF","4.3","0","","0.00"
"","Bogle","","LEE","DEF","4.6","7","","1.00"
"","Gudmundsson","","LEE","DEF","4.5","4.3","","1.00"
"","Justin","","LEE","DEF","4.5","3.7","","1.00"
"","Bornauw","","LEE","DEF","4.5","0","","0.00"
"","Muharemović","","LEE","DEF","5.0","4.7","","1.00"
"","Stach","","LEE","MID","6.0","3","","1.00"
"","Okafor","","LEE","MID","5.8","4.3","","1.00"
"","Aaronson","","LEE","MID","5.3","0.7","","1.00"
"","Ampadu","","LEE","MID","5.4","4.3","","1.00"
"","Longstaff","","LEE","MID","4.8","0.3","","1.00"
"","Gnonto","","LEE","MID","5.0","0","","0.00"
"","Harrison","","LEE","MID","5.0","0","","0.00"
"","James","","LEE","MID","4.9","0","","0.00"
"","Gruev","","LEE","MID","5.0","0","","1.00"
"","Tanaka","","LEE","MID","4.9","3","","1.00"
"","Calvert-Lewin","","LEE","FWD","6.0","4.3","","1.00"
"","Nmecha","","LEE","FWD","5.4","0.7","","1.00"
"","Piroe","","LEE","FWD","5.0","0","","0.00"
"","Mateo Joseph","","LEE","FWD","4.5","0","","0.00"
"","Trafford","","LEE","GKP","5.0","5.7","","1.00"
"","Elvedi","","LEE","DEF","4.5","3","","1.00"
"","Lienou","","LEE","DEF","4.0","0","","1.00"
"","Cresswell","","LEE","MID","4.5","0","","1.00"
"","Cairns","","LEE","GKP","4.0","0","","1.00"
"","Zetterer","","LEE","GKP","4.0","0","","1.00"
"","Bard","","LEE","DEF","4.5","0.3","","1.00"
"","Bahoya","","LEE","MID","5.0","0.3","","1.00"
"","A.Becker","","LIV","GKP","5.5","5.7","","1.00"
"","Mamardashvili","","LIV","GKP","4.8","0","","1.00"
"","Woodman","","LIV","GKP","4.0","0","","1.00"
"","Pecsi","","LIV","GKP","4.0","0","","0.00"
"","Jaros","","LIV","GKP","4.0","0","","0.00"
"","Davies","","LIV","GKP","4.0","0","","1.00"
"","Virgil","","LIV","DEF","6.5","5.3","","1.00"
"","Frimpong","","LIV","DEF","5.3","0.3","","1.00"
"","Kerkez","","LIV","DEF","5.3","2.3","","1.00"
"","Gomez","","LIV","DEF","4.9","0","","1.00"
"","Bradley","","LIV","DEF","5.0","0","","0.00"
"","Lucky","","LIV","DEF","4.0","0","","1.00"
"","Jacquet","","LIV","DEF","5.0","5","","1.00"
"","Leoni","","LIV","DEF","4.0","0","","0.00"
"","Tsimikas","","LIV","DEF","4.9","0.3","","1.00"
"","Ramsay","","LIV","DEF","4.0","0","","0.00"
"","Wirtz","","LIV","MID","7.3","3","","1.00"
"","Gakpo","","LIV","MID","7.2","0","","0.00"
"","Szoboszlai","","LIV","MID","6.9","1.7","","1.00"
"","Ngumoha","","LIV","MID","5.7","0.3","","1.00"
"","Chiesa","","LIV","MID","5.3","0","","0.25"
"","Gravenberch","","LIV","MID","5.8","0.7","","1.00"
"","Mac Allister","","LIV","MID","5.4","2","","1.00"
"","C.Jones","","LIV","MID","5.5","0","","0.00"
"","Endo","","LIV","MID","4.9","0","","1.00"
"","Nyoni","","LIV","MID","4.8","0.3","","1.00"
"","Bajcetic","","LIV","MID","5.0","0","","0.00"
"","Munoz","","LIV","MID","6.5","0.7","","1.00"
"","McConnell","","LIV","MID","4.4","0","","1.00"
"","Isak","","LIV","FWD","9.1","0","","0.00"
"","Ekitiké","","LIV","FWD","7.4","0","","0.00"
"","Koumas","","LIV","MID","5.0","0.3","","1.00"
"","Danns","","LIV","FWD","4.5","0","","1.00"
"","Elliott","","LIV","MID","5.4","0","","0.00"
"","Araujo","","LIV","DEF","5.4","4.3","","1.00"
"","Barcola","","LIV","MID","8.0","2","","1.00"
"","Enzo","","MCI","MID","6.9","3","","1.00"
"","Ndiaye","","MCI","MID","5.8","2","","1.00"
"","Donnarumma","","MCI","GKP","5.5","3","","1.00"
"","Bettinelli","","MCI","GKP","4.5","0","","1.00"
"","O'Reilly","","MCI","DEF","6.3","0.5","","0.75"
"","Guéhi","","MCI","DEF","6.0","3.3","","1.00"
"","Matheus N.","","MCI","DEF","5.9","3.3","","1.00"
"","Rúben","","MCI","DEF","5.5","2.3","","1.00"
"","Gvardiol","","MCI","DEF","5.7","5","","1.00"
"","Aït-Nouri","","MCI","DEF","5.2","0","","1.00"
"","Khusanov","","MCI","DEF","5.4","0","","1.00"
"","Alleyne","","MCI","DEF","5.0","0","","0.00"
"","Lewis","","MCI","DEF","4.4","0","","1.00"
"","Vitor Reis","","MCI","DEF","4.5","0","","1.00"
"","Semenyo","","MCI","MID","8.4","5","","0.75"
"","Foden","","MCI","MID","6.9","0","","0.00"
"","Cherki","","MCI","MID","7.8","3","","1.00"
"","Doku","","MCI","MID","7.4","0.3","","1.00"
"","Rodrigo","","MCI","MID","6.5","0","","0.00"
"","Reijnders","","MCI","MID","6.0","0","","0.00"
"","Kovačić","","MCI","MID","5.3","0","","1.00"
"","Echeverri","","MCI","MID","4.9","0","","0.00"
"","Phillips","","MCI","MID","5.0","0","","0.00"
"","Mukasa","","MCI","MID","4.5","0","","0.00"
"","Monga","","MCI","MID","4.9","0","","0.00"
"","Haaland","","MCI","FWD","15.6","5","","1.00"
"","Anderson","","MCI","MID","6.3","2.3","","1.00"
"","Rulli","","MCI","GKP","5.0","0","","1.00"
"","Bouaddi","","MCI","MID","5.5","0","","1.00"
"","McAidoo","","MCI","MID","4.4","0","","1.00"
"","Braithwaite","","MCI","DEF","4.0","0","","1.00"
"","Allan","","MCI","MID","6.0","0","","1.00"
"","Samba","","MCI","MID","4.5","0","","1.00"
"","Tielemans","","MUN","MID","5.8","2","","1.00"
"","Baleba","","MUN","MID","4.9","0","","1.00"
"","Andrey Santos","","MUN","MID","4.8","0","","1.00"
"","Darlow","","MUN","GKP","4.5","0","","0.75"
"","Lammens","","MUN","GKP","4.9","2","","1.00"
"","Bayindir","","MUN","GKP","4.5","0","","0.00"
"","Heaton","","MUN","GKP","4.0","0","","0.00"
"","Dorgu","","MUN","MID","5.8","0","","0.00"
"","De Ligt","","MUN","DEF","4.9","0","","0.00"
"","Dalot","","MUN","DEF","4.9","1.3","","1.00"
"","Maguire","","MUN","DEF","4.8","1","","1.00"
"","Martinez","","MUN","DEF","4.9","0.7","","1.00"
"","Yoro","","MUN","DEF","4.8","0","","1.00"
"","Heaven","","MUN","DEF","4.3","0","","1.00"
"","Mazraoui","","MUN","DEF","4.4","0","","0.75"
"","Shaw","","MUN","DEF","4.3","0.7","","1.00"
"","Amass","","MUN","DEF","4.0","0","","1.00"
"","Fredricson","","MUN","DEF","4.0","0","","0.00"
"","B.Fernandes","","MUN","MID","11.9","1.3","","1.00"
"","Mbeumo","","MUN","MID","7.9","1.3","","1.00"
"","Cunha","","MUN","MID","7.9","4","","1.00"
"","Rashford","","MUN","MID","6.9","1","","0.75"
"","Mount","","MUN","MID","5.4","0.3","","1.00"
"","Amad","","MUN","MID","5.7","0","","0.00"
"","Mainoo","","MUN","MID","5.5","2","","0.75"
"","Ugarte","","MUN","MID","5.0","0","","0.00"
"","J.Fletcher","","MUN","MID","4.9","0","","1.00"
"","Lacey","","MUN","MID","4.9","0","","1.00"
"","Collyer","","MUN","MID","5.0","0","","0.00"
"","Bendito Mantato","","MUN","MID","4.4","0","","1.00"
"","Fletcher","","MUN","MID","4.4","0","","1.00"
"","Šeško","","MUN","FWD","7.0","0","","0.00"
"","Zirkzee","","MUN","FWD","5.3","0.7","","1.00"
"","Obi","","MUN","FWD","4.5","0","","0.00"
"","N.Gonzalez","","NEW","MID","5.5","0.3","","1.00"
"","Pope","","NEW","GKP","4.9","0","","1.00"
"","Gillespie","","NEW","GKP","4.5","0","","1.00"
"","Jaouen","","NEW","GKP","4.4","0","","0.00"
"","Thiaw","","NEW","DEF","5.0","2","","1.00"
"","Schär","","NEW","DEF","4.9","0.3","","1.00"
"","Botman","","NEW","DEF","5.0","2","","1.00"
"","Burn","","NEW","DEF","4.8","0","","0.00"
"","Hall","","NEW","DEF","5.3","4.3","","1.00"
"","Livramento","","NEW","DEF","4.9","0.5","","0.50"
"","A.Murphy","","NEW","DEF","4.0","0","","0.00"
"","Barnes","","NEW","MID","6.1","3.7","","1.00"
"","Elanga","","NEW","MID","6.1","0","","0.00"
"","J.Ramsey","","NEW","MID","4.8","0","","0.00"
"","J.Murphy","","NEW","MID","5.9","0.3","","1.00"
"","Joelinton","","NEW","MID","5.4","0","","0.75"
"","L.Miley","","NEW","MID","5.5","1","","0.75"
"","Willock","","NEW","MID","5.0","3.7","","1.00"
"","Touré","","NEW","MID","5.8","2.3","","1.00"
"","Steur","","NEW","MID","4.9","1.7","","1.00"
"","Woltemade","","NEW","FWD","5.9","0","","0.00"
"","Wissa","","NEW","FWD","6.2","0.7","","1.00"
"","Osula","","NEW","FWD","5.8","0","","0.50"
"","Neave","","NEW","FWD","4.5","0","","0.00"
"","Bamba","","NEW","MID","4.9","0.7","","1.00"
"","Horníček","","NEW","GKP","5.0","1.3","","1.00"
"","Dedić","","NEW","DEF","4.5","0","","0.50"
"","Shahar","","NEW","DEF","4.0","0","","0.00"
"","Fernandez-Pardo","","NEW","FWD","6.0","1","","1.00"
"","Miley","","NEW","MID","4.5","0","","1.00"
"","Pivas","","NEW","DEF","4.0","0","","1.00"
"","Salia","","NEW","FWD","4.5","0","","1.00"
"","Mills","","NEW","MID","4.5","0","","1.00"
"","Thompson","","NEW","MID","4.5","0","","1.00"
"","Delap","","NFO","FWD","5.6","2","","1.00"
"","Muñoz","","NFO","DEF","5.4","1.3","","1.00"
"","Sels","","NFO","GKP","5.0","1.7","","1.00"
"","John","","NFO","GKP","4.5","0","","1.00"
"","N.Williams","","NFO","DEF","5.0","0.7","","0.50"
"","Morato","","NFO","DEF","5.0","0","","0.00"
"","Milenković","","NFO","DEF","5.4","0","","0.00"
"","Murillo","","NFO","DEF","5.5","3.3","","1.00"
"","Aina","","NFO","DEF","4.4","0.7","","1.00"
"","Jair Cunha","","NFO","DEF","4.5","0.3","","1.00"
"","Savona","","NFO","DEF","4.5","0","","0.00"
"","O.Richards","","NFO","DEF","4.0","0","","1.00"
"","Abbott","","NFO","DEF","4.0","0","","0.00"
"","Netz","","NFO","DEF","4.4","0.3","","1.00"
"","Bindon","","NFO","DEF","4.0","0","","0.00"
"","Gibbs-White","","NFO","MID","8.0","3.3","","1.00"
"","Hudson-Odoi","","NFO","MID","5.8","0","","1.00"
"","Ndoye","","NFO","MID","5.5","0.7","","1.00"
"","Hutchinson","","NFO","MID","5.4","0","","0.00"
"","Bakwa","","NFO","MID","5.5","0","","0.00"
"","McAtee","","NFO","MID","5.5","1.7","","1.00"
"","Dominguez","","NFO","MID","4.9","0","","1.00"
"","I.Sangaré","","NFO","MID","4.8","0.7","","1.00"
"","Yates","","NFO","MID","4.4","0","","1.00"
"","Wood","","NFO","FWD","5.8","0.7","","1.00"
"","Igor Jesus","","NFO","FWD","5.8","0","","0.00"
"","Kalimuendo","","NFO","FWD","5.4","0","","1.00"
"","Schlager","","NFO","MID","5.0","1.7","","1.00"
"","Diomande","","NFO","DEF","5.4","2","","1.00"
"","Benda","","NFO","GKP","4.5","0","","1.00"
"","Van Hecke","","TOT","DEF","4.9","4.7","","1.00"
"","Tosin","","TOT","DEF","4.4","0.3","","1.00"
"","Marmoush","","TOT","FWD","7.0","1.3","","1.00"
"","Sávio","","TOT","MID","6.5","1.7","","1.00"
"","Tonali","","TOT","MID","5.3","1.7","","1.00"
"","Vicario","","TOT","GKP","4.5","0","","0.00"
"","Austin","","TOT","GKP","4.0","0","","1.00"
"","Kinsky","","TOT","GKP","4.5","3","","1.00"
"","Dubravka","","TOT","GKP","4.0","0","","1.00"
"","Senesi","","TOT","DEF","5.8","0","","1.00"
"","Pedro Porro","","TOT","DEF","5.4","0","","0.00"
"","Romero","","TOT","DEF","5.0","0","","0.00"
"","Robertson","","TOT","DEF","4.4","3.7","","1.00"
"","Van de Ven","","TOT","DEF","5.0","2.3","","1.00"
"","Spence","","TOT","DEF","4.5","0","","0.00"
"","Udogie","","TOT","DEF","4.4","0","","1.00"
"","Phillips","","TOT","DEF","4.5","0","","0.00"
"","Davies","","TOT","DEF","3.9","0","","1.00"
"","Byfield","","TOT","DEF","4.0","0","","1.00"
"","Rowswell","","TOT","DEF","4.0","0","","1.00"
"","Souza","","TOT","DEF","4.0","0","","0.00"
"","Kudus","","TOT","MID","6.5","1.7","","1.00"
"","Xavi","","TOT","MID","5.9","0","","0.00"
"","Tel","","TOT","MID","5.7","0.3","","1.00"
"","Maddison","","TOT","MID","6.3","0.7","","1.00"
"","Bentancur","","TOT","MID","5.5","2.3","","1.00"
"","Odobert","","TOT","MID","5.5","0","","0.00"
"","P.M.Sarr","","TOT","MID","4.9","0","","0.00"
"","Gallagher","","TOT","MID","5.3","2","","1.00"
"","Bergvall","","TOT","MID","5.3","0.7","","1.00"
"","Kulusevski","","TOT","MID","6.5","0","","0.00"
"","Gray","","TOT","MID","4.9","1.7","","1.00"
"","Moore","","TOT","MID","5.0","0","","0.00"
"","Olusesi","","TOT","MID","4.4","0","","1.00"
"","Fernandes","","TOT","MID","5.7","1.3","","1.00"
"","Solanke","","TOT","FWD","5.8","1.3","","1.00"
"","Richarlison","","TOT","FWD","5.9","0","","0.00"
"","Scarlett","","TOT","FWD","4.5","0","","0.00"
"","Mudryk","","TOT","MID","5.3","0","","0.00"
"","Williams-Barnett","","TOT","MID","4.5","0","","1.00"
"","Danso","","SUN","DEF","5.0","0.3","","1.00"
"","Roefs","","SUN","GKP","4.9","0.7","","1.00"
"","Patterson","","SUN","GKP","4.0","0","","0.00"
"","Ellborg","","SUN","GKP","4.4","0","","1.00"
"","Ballard","","SUN","DEF","4.9","0","","0.00"
"","Mukiele","","SUN","DEF","5.4","0","","1.00"
"","Hume","","SUN","DEF","4.3","0.3","","1.00"
"","Alderete","","SUN","DEF","4.8","0","","1.00"
"","Reinildo","","SUN","DEF","4.4","-0.7","","1.00"
"","Seelt","","SUN","DEF","4.5","0","","0.00"
"","Hjelde","","SUN","DEF","4.0","0","","0.00"
"","O'Nien","","SUN","DEF","3.9","0","","1.00"
"","Masuaku","","SUN","DEF","4.0","0","","0.00"
"","Meunier","","SUN","DEF","4.5","1.7","","1.00"
"","E.Le Fée","","SUN","MID","5.7","1.7","","1.00"
"","Diarra","","SUN","MID","5.3","0","","0.00"
"","Xhaka","","SUN","MID","5.5","1","","1.00"
"","Sadiki","","SUN","MID","4.9","1.3","","1.00"
"","Adingra","","SUN","MID","4.9","0","","0.00"
"","Mundle","","SUN","MID","4.8","0","","0.00"
"","Rigg","","SUN","MID","4.9","0","","1.00"
"","Talbi","","SUN","MID","5.3","0","","1.00"
"","Jocelin.T","","SUN","MID","4.9","0","","1.00"
"","N.Angulo","","SUN","MID","5.0","2","","1.00"
"","Brobbey","","SUN","FWD","5.7","0","","0.00"
"","Isidor","","SUN","FWD","5.5","0.7","","1.00"
"","Methalie","","SUN","DEF","4.5","-0.3","","1.00"
"","Ahoka","","SUN","MID","4.5","0","","1.00"
"","Fofana","","SUN","MID","5.5","0.7","","1.00"
"","J.Angulo","","SUN","FWD","4.5","0","","1.00"
